user_id,user_name,usr_email,status
db214327-40ea-4526-bed6-896c099f582c,Lloyd Williams,lloyd.williams@datadoghq.com,platinum
28ea71b5-164b-4eb6-aef4-f4f793d4f086,Jane Doe,jane@example.com,gold
b2ccb6da-1c37-4127-8ab0-86dec38e9163,Aisha Mbeki,aisha.mbeki@globex.example,platinum
79c1fb8c-31ad-478c-b47f-d6542e177d3b,Amara Okonkwo,amara.okonkwo@northwind.example,silver
7e882cdf-e782-45f2-91cd-9154d9374cb1,Arjun Kapoor,arjun.kapoor@umbrella.example,bronze
e52e2423-3010-4072-92c9-bd1a27183ea6,Callum Doyle,callum.doyle@initech.example,gold
1a6dd895-a972-4457-8d61-004fcc1d6c30,Chloe Beaumont,chloe.beaumont@initech.example,silver
f54b2714-ed76-4fa8-a3c7-d4701ce7e4de,Devin Park,devin.park@contoso.example,gold
556b5527-25c1-4418-940c-e61e021f53de,Dmitri Volkov,dmitri.volkov@contoso.example,bronze
06ec9ed2-c428-48c9-87c7-80062307898c,Eli Brandt,eli.brandt@northwind.example,gold
c6b9f5c4-aa13-426a-8acc-219a822f59ce,Ethan Whitfield,ethan.whitfield@umbrella.example,gold
f72aeb3f-d48f-4dc0-9348-d45ca6227100,Freya Nilsen,freya.nilsen@initech.example,platinum
eb2688db-5116-4d70-b869-f395d1523404,Hana Sato,hana.sato@umbrella.example,bronze
17eff6a6-41db-4eda-9e8e-6f4c793ed510,Haruto Kobayashi,haruto.kobayashi@globex.example,bronze
2df7be8c-d726-4a3b-a1ae-2707160a0b60,Idris Camara,idris.camara@northwind.example,gold
0cbb1e90-481a-4a99-86f4-3f935bbe5c48,Ingrid Sorensen,ingrid.sorensen@contoso.example,platinum
bed6317d-6f24-49a6-b0f8-f7ab9a119b22,Kenji Watanabe,kenji.watanabe@globex.example,gold
7499d5c4-1d90-4feb-b000-3500df87ea18,Linnea Bergstrom,linnea.bergstrom@umbrella.example,platinum
d7d3cc22-f851-48d1-b4b6-cf1aff95698d,Lucia Ferraro,lucia.ferraro@northwind.example,silver
0d742882-5531-4743-aa71-e1eb43701e9a,Maja Kowalski,maja.kowalski@northwind.example,platinum
942ce596-4565-4905-9e54-9736a3da45f4,Marisol Vega,marisol.vega@contoso.example,silver
4354ecf7-3aa0-42b6-9b1b-7d6d4514aebf,Mateo Rossi,mateo.rossi@initech.example,bronze
a3a59816-871d-4b6f-a614-c93721502d87,Nadia Petrova,nadia.petrova@initech.example,bronze
1b1e2fe9-50d4-4111-8e8d-608b05e9a9d4,Noor Haddad,noor.haddad@umbrella.example,platinum
d83c17ee-2b9e-4a24-bbc8-ccb43293f5a3,Omar Benali,omar.benali@umbrella.example,gold
663bf48c-290c-4b66-8dc0-1f0ff664e827,Priya Raman,priya.raman@globex.example,silver
315ccd6f-99ec-4203-8faa-407bc472f4c8,Rafael Duarte,rafael.duarte@northwind.example,bronze
9d3855e5-319d-44c0-b4a3-d885983c09bd,Sam Rivera,sam@example.com,silver
5ad8d9c6-9412-4ea7-96cc-54ae06507c10,Sofia Marchetti,sofia.marchetti@contoso.example,silver
ea890da9-0ef3-4ff0-9603-7e62f4a8e302,Theo Laurent,theo.laurent@contoso.example,silver
d0c5707c-10d3-4609-8add-b5ac8325714a,Tomas Lindqvist,tomas.lindqvist@initech.example,bronze
c91ce8d6-1e13-4b43-b17f-b6ae4410b3e4,Yusuf Demir,yusuf.demir@globex.example,gold
5dff0484-c0af-4d25-ad18-e782822dcd44,Zara Hussain,zara.hussain@globex.example,silver
